Partial_Postcode,Population2023,LSOA_Code,Postcode,Town,District,County
BS1 5,3174.71883267455,E01014542,BS1 5AL,BRISTOL,CITY OF BRISTOL,CITY OF BRISTOL
BS1 6,4210.499763195547,E01033370,BS1 6DD,BRISTOL,CITY OF BRISTOL,CITY OF BRISTOL
BS1 6,4210.499763195547,E01033355,BS1 6LB,BRISTOL,CITY OF BRISTOL,CITY OF BRISTOL
BS1 6,4210.499763195547,E01033355,BS1 6HL,BRISTOL,CITY OF BRISTOL,CITY OF BRISTOL
BS1 6,4210.499763195547,E01033353,BS1 6FH,BRISTOL,CITY OF BRISTOL,CITY OF BRISTOL
BS1 6,4210.499763195547,E01033355,BS1 6LA,BRISTOL,CITY OF BRISTOL,CITY OF BRISTOL
BS1 6,4210.499763195547,E01033370,BS1 6FF,BRISTOL,CITY OF BRISTOL,CITY OF BRISTOL
BS2 0,2935.3830448454264,E01033352,BS2 0QF,BRISTOL,CITY OF BRISTOL,CITY OF BRISTOL
BS2 0,2935.3830448454264,E01033352,BS2 0JT,BRISTOL,CITY OF BRISTOL,CITY OF BRISTOL
BS2 0,2935.3830448454264,E01033353,BS2 0DF,BRISTOL,CITY OF BRISTOL,CITY OF BRISTOL
BS2 0,2935.3830448454264,E01033358,BS2 0BW,BRISTOL,CITY OF BRISTOL,CITY OF BRISTOL
BS2 0,2935.3830448454264,E01033358,BS2 0BX,BRISTOL,CITY OF BRISTOL,CITY OF BRISTOL
BS2 0,2935.3830448454264,E01014540,BS2 0JB,BRISTOL,CITY OF BRISTOL,CITY OF BRISTOL
BS2 0,2935.3830448454264,E01033358,BS2 0NR,BRISTOL,CITY OF BRISTOL,CITY OF BRISTOL
BS2 0,2935.3830448454264,E01033358,BS2 0BZ,BRISTOL,CITY OF BRISTOL,CITY OF BRISTOL
BS2 0,2935.3830448454264,E01033353,BS2 0XA,BRISTOL,CITY OF BRISTOL,CITY OF BRISTOL
BS2 0,2935.3830448454264,E01033353,BS2 0XS,BRISTOL,CITY OF BRISTOL,CITY OF BRISTOL
BS2 8,5986.411533389799,E01033342,BS2 8HT,BRISTOL,CITY OF BRISTOL,CITY OF BRISTOL
BS2 8,5986.411533389799,E01014542,BS2 8HL,BRISTOL,CITY OF BRISTOL,CITY OF BRISTOL
BS2 8,5986.411533389799,E01014539,BS2 8NB,BRISTOL,CITY OF BRISTOL,CITY OF BRISTOL
BS2 8,5986.411533389799,E01033342,BS2 8HS,BRISTOL,CITY OF BRISTOL,CITY OF BRISTOL
BS2 8,5986.411533389799,E01033348,BS2 8UY,BRISTOL,CITY OF BRISTOL,CITY OF BRISTOL
BS2 8,5986.411533389799,E01014539,BS2 8NE,BRISTOL,CITY OF BRISTOL,CITY OF BRISTOL
BS2 8,5986.411533389799,E01033347,BS2 8PN,BRISTOL,CITY OF BRISTOL,CITY OF BRISTOL
BS2 9,6764.755650111402,E01014486,BS2 9NX,BRISTOL,CITY OF BRISTOL,CITY OF BRISTOL
BS2 9,6764.755650111402,E01014486,BS2 9LL,BRISTOL,CITY OF BRISTOL,CITY OF BRISTOL
BS2 9,6764.755650111402,E01033358,BS2 9DB,BRISTOL,CITY OF BRISTOL,CITY OF BRISTOL
BS3 1,8940.9012167594,E01014699,BS3 1RE,BRISTOL,CITY OF BRISTOL,CITY OF BRISTOL
BS3 1,8940.9012167594,E01014698,BS3 1DL,BRISTOL,CITY OF BRISTOL,CITY OF BRISTOL
BS3 1,8940.9012167594,E01033361,BS3 1AR,BRISTOL,CITY OF BRISTOL,CITY OF BRISTOL
BS3 1,8940.9012167594,E01014699,BS3 1RS,BRISTOL,CITY OF BRISTOL,CITY OF BRISTOL
BS3 1,8940.9012167594,E01033362,BS3 1BH,BRISTOL,CITY OF BRISTOL,CITY OF BRISTOL
BS3 1,8940.9012167594,E01014701,BS3 1AT,BRISTOL,CITY OF BRISTOL,CITY OF BRISTOL
BS3 1,8940.9012167594,E01014698,BS3 1HF,BRISTOL,CITY OF BRISTOL,CITY OF BRISTOL
BS3 1,8940.9012167594,E01014699,BS3 1FE,BRISTOL,CITY OF BRISTOL,CITY OF BRISTOL
BS3 1,8940.9012167594,E01033359,BS3 1FU,BRISTOL,CITY OF BRISTOL,CITY OF BRISTOL
BS3 1,8940.9012167594,E01014696,BS3 1JF,BRISTOL,CITY OF BRISTOL,CITY OF BRISTOL
BS3 1,8940.9012167594,E01014698,BS3 1HJ,BRISTOL,CITY OF BRISTOL,CITY OF BRISTOL
BS3 1,8940.9012167594,E01033359,BS3 1FN,BRISTOL,CITY OF BRISTOL,CITY OF BRISTOL
BS3 1,8940.9012167594,E01033362,BS3 1EN,BRISTOL,CITY OF BRISTOL,CITY OF BRISTOL
BS3 1,8940.9012167594,E01014701,BS3 1AZ,BRISTOL,CITY OF BRISTOL,CITY OF BRISTOL
BS3 1,8940.9012167594,E01014699,BS3 1RF,BRISTOL,CITY OF BRISTOL,CITY OF BRISTOL
BS3 1,8940.9012167594,E01014698,BS3 1LJ,BRISTOL,CITY OF BRISTOL,CITY OF BRISTOL
BS3 1,8940.9012167594,E01014696,BS3 1HA,BRISTOL,CITY OF BRISTOL,CITY OF BRISTOL
BS3 1,8940.9012167594,E01014699,BS3 1FH,BRISTOL,CITY OF BRISTOL,CITY OF BRISTOL
BS3 1,8940.9012167594,E01033364,BS3 1ES,BRISTOL,CITY OF BRISTOL,CITY OF BRISTOL
BS3 1,8940.9012167594,E01033361,BS3 1BY,BRISTOL,CITY OF BRISTOL,CITY OF BRISTOL
BS3 1,8940.9012167594,E01014696,BS3 1NT,BRISTOL,CITY OF BRISTOL,CITY OF BRISTOL
BS3 1,8940.9012167594,E01014696,BS3 1PD,BRISTOL,CITY OF BRISTOL,CITY OF BRISTOL
BS3 1,8940.9012167594,E01014505,BS3 1JQ,BRISTOL,CITY OF BRISTOL,CITY OF BRISTOL
BS3 1,8940.9012167594,E01033361,BS3 1AS,BRISTOL,CITY OF BRISTOL,CITY OF BRISTOL
BS3 1,8940.9012167594,E01014701,BS3 1AX,BRISTOL,CITY OF BRISTOL,CITY OF BRISTOL
BS3 1,8940.9012167594,E01033359,BS3 1FP,BRISTOL,CITY OF BRISTOL,CITY OF BRISTOL
BS3 1,8940.9012167594,E01014701,BS3 1FF,BRISTOL,CITY OF BRISTOL,CITY OF BRISTOL
BS3 1,8940.9012167594,E01014696,BS3 1PA,BRISTOL,CITY OF BRISTOL,CITY OF BRISTOL
BS3 1,8940.9012167594,E01014699,BS3 1RL,BRISTOL,CITY OF BRISTOL,CITY OF BRISTOL
BS3 1,8940.9012167594,E01014701,BS3 1PJ,BRISTOL,CITY OF BRISTOL,CITY OF BRISTOL
BS3 1,8940.9012167594,E01033361,BS3 1BN,BRISTOL,CITY OF BRISTOL,CITY OF BRISTOL
BS3 1,8940.9012167594,E01014700,BS3 1JD,BRISTOL,CITY OF BRISTOL,CITY OF BRISTOL
BS3 1,8940.9012167594,E01014701,BS3 1PR,BRISTOL,CITY OF BRISTOL,CITY OF BRISTOL
BS3 1,8940.9012167594,E01014699,BS3 1RH,BRISTOL,CITY OF BRISTOL,CITY OF BRISTOL
BS3 1,8940.9012167594,E01033361,BS3 1HT,BRISTOL,CITY OF BRISTOL,CITY OF BRISTOL
BS3 1,8940.9012167594,E01014698,BS3 1EE,BRISTOL,CITY OF BRISTOL,CITY OF BRISTOL
BS3 3,6191.556494386191,E01014500,BS3 3NB,BRISTOL,CITY OF BRISTOL,CITY OF BRISTOL
BS3 3,6191.556494386191,E01033362,BS3 3NL,BRISTOL,CITY OF BRISTOL,CITY OF BRISTOL
BS3 3,6191.556494386191,E01033362,BS3 3NQ,BRISTOL,CITY OF BRISTOL,CITY OF BRISTOL
BS3 3,6191.556494386191,E01014500,BS3 3NE,BRISTOL,CITY OF BRISTOL,CITY OF BRISTOL
BS3 3,6191.556494386191,E01033362,BS3 3NG,BRISTOL,CITY OF BRISTOL,CITY OF BRISTOL
BS3 3,6191.556494386191,E01033364,BS3 3LH,BRISTOL,CITY OF BRISTOL,CITY OF BRISTOL
BS3 3,6191.556494386191,E01033364,BS3 3BT,BRISTOL,CITY OF BRISTOL,CITY OF BRISTOL
BS3 3,6191.556494386191,E01033362,BS3 3NA,BRISTOL,CITY OF BRISTOL,CITY OF BRISTOL
BS3 3,6191.556494386191,E01033362,BS3 3LL,BRISTOL,CITY OF BRISTOL,CITY OF BRISTOL
BS3 3,6191.556494386191,E01033364,BS3 3PD,BRISTOL,CITY OF BRISTOL,CITY OF BRISTOL
BS3 3,6191.556494386191,E01014504,BS3 3JF,BRISTOL,CITY OF BRISTOL,CITY OF BRISTOL
BS3 3,6191.556494386191,E01033362,BS3 3NU,BRISTOL,CITY OF BRISTOL,CITY OF BRISTOL
BS3 3,6191.556494386191,E01014500,BS3 3PZ,BRISTOL,CITY OF BRISTOL,CITY OF BRISTOL
BS3 4,7681.874299271742,E01033359,BS3 4AL,BRISTOL,CITY OF BRISTOL,CITY OF BRISTOL
BS3 4,7681.874299271742,E01014733,BS3 4NR,BRISTOL,CITY OF BRISTOL,CITY OF BRISTOL
BS3 4,7681.874299271742,E01014731,BS3 4UF,BRISTOL,CITY OF BRISTOL,CITY OF BRISTOL
BS3 4,7681.874299271742,E01014731,BS3 4TY,BRISTOL,CITY OF BRISTOL,CITY OF BRISTOL
BS3 4,7681.874299271742,E01033359,BS3 4AP,BRISTOL,CITY OF BRISTOL,CITY OF BRISTOL
BS3 4,7681.874299271742,E01033359,BS3 4BZ,BRISTOL,CITY OF BRISTOL,CITY OF BRISTOL
BS3 4,7681.874299271742,E01033359,BS3 4DL,BRISTOL,CITY OF BRISTOL,CITY OF BRISTOL
BS3 4,7681.874299271742,E01033359,BS3 4HB,BRISTOL,CITY OF BRISTOL,CITY OF BRISTOL
BS3 4,7681.874299271742,E01033359,BS3 4EX,BRISTOL,CITY OF BRISTOL,CITY OF BRISTOL
BS3 4,7681.874299271742,E01014733,BS3 4NS,BRISTOL,CITY OF BRISTOL,CITY OF BRISTOL
BS3 4,7681.874299271742,E01014733,BS3 4PD,BRISTOL,CITY OF BRISTOL,CITY OF BRISTOL
BS3 4,7681.874299271742,E01014731,BS3 4TR,BRISTOL,CITY OF BRISTOL,CITY OF BRISTOL
BS3 4,7681.874299271742,E01014731,BS3 4RL,BRISTOL,CITY OF BRISTOL,CITY OF BRISTOL
BS3 4,7681.874299271742,E01014731,BS3 4UD,BRISTOL,CITY OF BRISTOL,CITY OF BRISTOL
BS3 4,7681.874299271742,E01033361,BS3 4EJ,BRISTOL,CITY OF BRISTOL,CITY OF BRISTOL
BS3 4,7681.874299271742,E01033361,BS3 4EL,BRISTOL,CITY OF BRISTOL,CITY OF BRISTOL
BS3 4,7681.874299271742,E01033361,BS3 4NE,BRISTOL,CITY OF BRISTOL,CITY OF BRISTOL
BS3 4,7681.874299271742,E01033359,BS3 4DG,BRISTOL,CITY OF BRISTOL,CITY OF BRISTOL
BS3 4,7681.874299271742,E01033359,BS3 4HH,BRISTOL,CITY OF BRISTOL,CITY OF BRISTOL
BS3 5,8053.950944216177,E01014579,BS3 5DP,BRISTOL,CITY OF BRISTOL,CITY OF BRISTOL
BS4 2,10003.833686235801,E01014651,BS4 2JP,BRISTOL,CITY OF BRISTOL,CITY OF BRISTOL
BS4 2,10003.833686235801,E01014730,BS4 2BG,BRISTOL,CITY OF BRISTOL,CITY OF BRISTOL
BS4 2,10003.833686235801,E01014651,BS4 2LR,BRISTOL,CITY OF BRISTOL,CITY OF BRISTOL
BS4 3,8905.704777372765,E01014533,BS4 3LE,BRISTOL,CITY OF BRISTOL,CITY OF BRISTOL
BS4 3,8905.704777372765,E01014533,BS4 3AT,BRISTOL,CITY OF BRISTOL,CITY OF BRISTOL
BS4 3,8905.704777372765,E01014534,BS4 3JU,BRISTOL,CITY OF BRISTOL,CITY OF BRISTOL
BS4 3,8905.704777372765,E01014730,BS4 3EF,BRISTOL,CITY OF BRISTOL,CITY OF BRISTOL
BS4 3,8905.704777372765,E01014531,BS4 3AX,BRISTOL,CITY OF BRISTOL,CITY OF BRISTOL
BS4 3,8905.704777372765,E01014730,BS4 3TA,BRISTOL,CITY OF BRISTOL,CITY OF BRISTOL
BS4 3,8905.704777372765,E01014732,BS4 3EQ,BRISTOL,CITY OF BRISTOL,CITY OF BRISTOL
BS4 3,8905.704777372765,E01014732,BS4 3EN,BRISTOL,CITY OF BRISTOL,CITY OF BRISTOL
BS4 3,8905.704777372765,E01014533,BS4 3NQ,BRISTOL,CITY OF BRISTOL,CITY OF BRISTOL
BS4 3,8905.704777372765,E01014531,BS4 3EA,BRISTOL,CITY OF BRISTOL,CITY OF BRISTOL
BS4 3,8905.704777372765,E01014534,BS4 3JY,BRISTOL,CITY OF BRISTOL,CITY OF BRISTOL
BS4 3,8905.704777372765,E01014732,BS4 3BW,BRISTOL,CITY OF BRISTOL,CITY OF BRISTOL
BS4 3,8905.704777372765,E01014531,BS4 3EZ,BRISTOL,CITY OF BRISTOL,CITY OF BRISTOL
BS4 3,8905.704777372765,E01014649,BS4 3DF,BRISTOL,CITY OF BRISTOL,CITY OF BRISTOL
BS4 3,8905.704777372765,E01014732,BS4 3BL,BRISTOL,CITY OF BRISTOL,CITY OF BRISTOL
BS4 3,8905.704777372765,E01014531,BS4 3EU,BRISTOL,CITY OF BRISTOL,CITY OF BRISTOL
BS4 3,8905.704777372765,E01014533,BS4 3LF,BRISTOL,CITY OF BRISTOL,CITY OF BRISTOL
BS4 3,8905.704777372765,E01014527,BS4 3LG,BRISTOL,CITY OF BRISTOL,CITY OF BRISTOL
BS4 3,8905.704777372765,E01014533,BS4 3LB,BRISTOL,CITY OF BRISTOL,CITY OF BRISTOL
BS4 3,8905.704777372765,E01014732,BS4 3DJ,BRISTOL,CITY OF BRISTOL,CITY OF BRISTOL
BS4 4,12451.494642437845,E01014537,BS4 4ET,BRISTOL,CITY OF BRISTOL,CITY OF BRISTOL
BS4 4,12451.494642437845,E01014530,BS4 4RQ,BRISTOL,CITY OF BRISTOL,CITY OF BRISTOL
BS4 5,3832.389442927688,E01014526,BS4 5RT,BRISTOL,CITY OF BRISTOL,CITY OF BRISTOL
BS4 5,3832.389442927688,E01014535,BS4 5AW,BRISTOL,CITY OF BRISTOL,CITY OF BRISTOL
BS4 5,3832.389442927688,E01014536,BS4 5LR,BRISTOL,CITY OF BRISTOL,CITY OF BRISTOL
BS4 5,3832.389442927688,E01014526,BS4 5RG,BRISTOL,CITY OF BRISTOL,CITY OF BRISTOL
BS5 0,8792.070558781625,E01014653,BS5 0RD,BRISTOL,CITY OF BRISTOL,CITY OF BRISTOL
BS5 0,8792.070558781625,E01014655,BS5 0UN,BRISTOL,CITY OF BRISTOL,CITY OF BRISTOL
BS5 0,8792.070558781625,E01014654,BS5 0SQ,BRISTOL,CITY OF BRISTOL,CITY OF BRISTOL
BS5 0,8792.070558781625,E01014655,BS5 0JG,BRISTOL,CITY OF BRISTOL,CITY OF BRISTOL
BS5 6,13254.979073007045,E01014570,BS5 6HL,BRISTOL,CITY OF BRISTOL,CITY OF BRISTOL
BS5 6,13254.979073007045,E01014573,BS5 6RQ,BRISTOL,CITY OF BRISTOL,CITY OF BRISTOL
BS5 6,13254.979073007045,E01014570,BS5 6BX,BRISTOL,CITY OF BRISTOL,CITY OF BRISTOL
BS5 6,13254.979073007045,E01014575,BS5 6RA,BRISTOL,CITY OF BRISTOL,CITY OF BRISTOL
BS5 6,13254.979073007045,E01014569,BS5 6SH,BRISTOL,CITY OF BRISTOL,CITY OF BRISTOL
BS5 6,13254.979073007045,E01014665,BS5 6TH,BRISTOL,CITY OF BRISTOL,CITY OF BRISTOL
BS5 6,13254.979073007045,E01014574,BS5 6SB,BRISTOL,CITY OF BRISTOL,CITY OF BRISTOL
BS5 6,13254.979073007045,E01014569,BS5 6HE,BRISTOL,CITY OF BRISTOL,CITY OF BRISTOL
BS5 6,13254.979073007045,E01014575,BS5 6PX,BRISTOL,CITY OF BRISTOL,CITY OF BRISTOL
BS5 6,13254.979073007045,E01014573,BS5 6RB,BRISTOL,CITY OF BRISTOL,CITY OF BRISTOL
BS5 6,13254.979073007045,E01014574,BS5 6SD,BRISTOL,CITY OF BRISTOL,CITY OF BRISTOL
BS5 6,13254.979073007045,E01014569,BS5 6SE,BRISTOL,CITY OF BRISTOL,CITY OF BRISTOL
BS5 6,13254.979073007045,E01014569,BS5 6HB,BRISTOL,CITY OF BRISTOL,CITY OF BRISTOL
BS5 6,13254.979073007045,E01014574,BS5 6PF,BRISTOL,CITY OF BRISTOL,CITY OF BRISTOL
BS5 6,13254.979073007045,E01014575,BS5 6LW,BRISTOL,CITY OF BRISTOL,CITY OF BRISTOL
BS5 7,10980.283476076469,E01014683,BS5 7HT,BRISTOL,CITY OF BRISTOL,CITY OF BRISTOL
BS5 7,10980.283476076469,E01014626,BS5 7XP,BRISTOL,CITY OF BRISTOL,CITY OF BRISTOL
BS5 7,10980.283476076469,E01014570,BS5 7DR,BRISTOL,CITY OF BRISTOL,CITY OF BRISTOL
BS5 7,10980.283476076469,E01014687,BS5 7NB,BRISTOL,CITY OF BRISTOL,CITY OF BRISTOL
BS5 7,10980.283476076469,E01014687,BS5 7PG,BRISTOL,CITY OF BRISTOL,CITY OF BRISTOL
BS5 7,10980.283476076469,E01014570,BS5 7EE,BRISTOL,CITY OF BRISTOL,CITY OF BRISTOL
BS5 8,9640.8075542765,E01014684,BS5 8FB,BRISTOL,CITY OF BRISTOL,CITY OF BRISTOL
BS5 8,9640.8075542765,E01014684,BS5 8FG,BRISTOL,CITY OF BRISTOL,CITY OF BRISTOL
BS5 8,9640.8075542765,E01014684,BS5 8AA,BRISTOL,CITY OF BRISTOL,CITY OF BRISTOL
BS5 8,9640.8075542765,E01014684,BS5 8AF,BRISTOL,CITY OF BRISTOL,CITY OF BRISTOL
BS5 8,9640.8075542765,E01014682,BS5 8HJ,BRISTOL,CITY OF BRISTOL,CITY OF BRISTOL
BS5 8,9640.8075542765,E01014683,BS5 8JP,BRISTOL,CITY OF BRISTOL,CITY OF BRISTOL
BS5 8,9640.8075542765,E01014684,BS5 8AL,BRISTOL,CITY OF BRISTOL,CITY OF BRISTOL
BS5 8,9640.8075542765,E01014684,BS5 8AH,BRISTOL,CITY OF BRISTOL,CITY OF BRISTOL
BS5 8,9640.8075542765,E01014679,BS5 8RE,BRISTOL,CITY OF BRISTOL,CITY OF BRISTOL
BS5 8,9640.8075542765,E01014684,BS5 8EE,BRISTOL,CITY OF BRISTOL,CITY OF BRISTOL
BS5 8,9640.8075542765,E01014684,BS5 8AJ,BRISTOL,CITY OF BRISTOL,CITY OF BRISTOL
BS5 8,9640.8075542765,E01014684,BS5 8AQ,BRISTOL,CITY OF BRISTOL,CITY OF BRISTOL
BS5 8,9640.8075542765,E01014682,BS5 8HF,BRISTOL,CITY OF BRISTOL,CITY OF BRISTOL
BS5 8,9640.8075542765,E01014679,BS5 8PQ,BRISTOL,CITY OF BRISTOL,CITY OF BRISTOL
BS5 8,9640.8075542765,E01014679,BS5 8NT,BRISTOL,CITY OF BRISTOL,CITY OF BRISTOL
BS5 8,9640.8075542765,E01014684,BS5 8HB,BRISTOL,CITY OF BRISTOL,CITY OF BRISTOL
BS5 8,9640.8075542765,E01014684,BS5 8ER,BRISTOL,CITY OF BRISTOL,CITY OF BRISTOL
BS5 8,9640.8075542765,E01014678,BS5 8NS,BRISTOL,CITY OF BRISTOL,CITY OF BRISTOL
BS5 8,9640.8075542765,E01014682,BS5 8HT,BRISTOL,CITY OF BRISTOL,CITY OF BRISTOL
BS5 9,9968.637246849165,E01014566,BS5 9FH,BRISTOL,CITY OF BRISTOL,CITY OF BRISTOL
BS5 9,9968.637246849165,E01014566,BS5 9HL,BRISTOL,CITY OF BRISTOL,CITY OF BRISTOL
BS5 9,9968.637246849165,E01014567,BS5 9JJ,BRISTOL,CITY OF BRISTOL,CITY OF BRISTOL
BS5 9,9968.637246849165,E01014566,BS5 9HH,BRISTOL,CITY OF BRISTOL,CITY OF BRISTOL
BS5 9,9968.637246849165,E01014567,BS5 9JY,BRISTOL,CITY OF BRISTOL,CITY OF BRISTOL
BS5 9,9968.637246849165,E01014681,BS5 9HX,BRISTOL,CITY OF BRISTOL,CITY OF BRISTOL
BS5 9,9968.637246849165,E01014564,BS5 9AG,BRISTOL,CITY OF BRISTOL,CITY OF BRISTOL
BS5 9,9968.637246849165,E01014567,BS5 9LE,BRISTOL,CITY OF BRISTOL,CITY OF BRISTOL
BS6 5,10788.211478280828,E01014671,BS6 5AR,BRISTOL,CITY OF BRISTOL,CITY OF BRISTOL
BS6 5,10788.211478280828,E01014489,BS6 5EH,BRISTOL,CITY OF BRISTOL,CITY OF BRISTOL
BS6 5,10788.211478280828,E01014671,BS6 5AS,BRISTOL,CITY OF BRISTOL,CITY OF BRISTOL
BS6 5,10788.211478280828,E01014487,BS6 5HA,BRISTOL,CITY OF BRISTOL,CITY OF BRISTOL
BS6 5,10788.211478280828,E01014563,BS6 5TB,BRISTOL,CITY OF BRISTOL,CITY OF BRISTOL
BS6 5,10788.211478280828,E01014487,BS6 5DR,BRISTOL,CITY OF BRISTOL,CITY OF BRISTOL
BS6 5,10788.211478280828,E01014487,BS6 5AN,BRISTOL,CITY OF BRISTOL,CITY OF BRISTOL
BS6 5,10788.211478280828,E01014486,BS6 5LR,BRISTOL,CITY OF BRISTOL,CITY OF BRISTOL
BS6 5,10788.211478280828,E01014487,BS6 5EA,BRISTOL,CITY OF BRISTOL,CITY OF BRISTOL
BS6 5,10788.211478280828,E01014671,BS6 5AJ,BRISTOL,CITY OF BRISTOL,CITY OF BRISTOL
BS6 5,10788.211478280828,E01014491,BS6 5DS,BRISTOL,CITY OF BRISTOL,CITY OF BRISTOL
BS6 5,10788.211478280828,E01014487,BS6 5HD,BRISTOL,CITY OF BRISTOL,CITY OF BRISTOL
BS6 5,10788.211478280828,E01014671,BS6 5HG,BRISTOL,CITY OF BRISTOL,CITY OF BRISTOL
BS6 5,10788.211478280828,E01014488,BS6 5QQ,BRISTOL,CITY OF BRISTOL,CITY OF BRISTOL
BS6 5,10788.211478280828,E01014563,BS6 5SJ,BRISTOL,CITY OF BRISTOL,CITY OF BRISTOL
BS6 5,10788.211478280828,E01014487,BS6 5EX,BRISTOL,CITY OF BRISTOL,CITY OF BRISTOL
BS6 5,10788.211478280828,E01033367,BS6 5SH,BRISTOL,CITY OF BRISTOL,CITY OF BRISTOL
BS6 5,10788.211478280828,E01014671,BS6 5AL,BRISTOL,CITY OF BRISTOL,CITY OF BRISTOL
BS6 5,10788.211478280828,E01014487,BS6 5EZ,BRISTOL,CITY OF BRISTOL,CITY OF BRISTOL
BS6 5,10788.211478280828,E01014668,BS6 5AQ,BRISTOL,CITY OF BRISTOL,CITY OF BRISTOL
BS6 5,10788.211478280828,E01014487,BS6 5HB,BRISTOL,CITY OF BRISTOL,CITY OF BRISTOL
BS6 5,10788.211478280828,E01014487,BS6 5EE,BRISTOL,CITY OF BRISTOL,CITY OF BRISTOL
BS6 5,10788.211478280828,E01014487,BS6 5DP,BRISTOL,CITY OF BRISTOL,CITY OF BRISTOL
BS6 5,10788.211478280828,E01014488,BS6 5HU,BRISTOL,CITY OF BRISTOL,CITY OF BRISTOL
BS6 5,10788.211478280828,E01014489,BS6 5EW,BRISTOL,CITY OF BRISTOL,CITY OF BRISTOL
BS6 5,10788.211478280828,E01014487,BS6 5DJ,BRISTOL,CITY OF BRISTOL,CITY OF BRISTOL
BS6 5,10788.211478280828,E01014671,BS6 5DG,BRISTOL,CITY OF BRISTOL,CITY OF BRISTOL
BS6 5,10788.211478280828,E01014671,BS6 5AH,BRISTOL,CITY OF BRISTOL,CITY OF BRISTOL
BS6 5,10788.211478280828,E01014488,BS6 5ER,BRISTOL,CITY OF BRISTOL,CITY OF BRISTOL
BS6 5,10788.211478280828,E01014489,BS6 5QE,BRISTOL,CITY OF BRISTOL,CITY OF BRISTOL
BS6 5,10788.211478280828,E01014671,BS6 5AW,BRISTOL,CITY OF BRISTOL,CITY OF BRISTOL
BS6 5,10788.211478280828,E01014671,BS6 5AT,BRISTOL,CITY OF BRISTOL,CITY OF BRISTOL
BS6 5,10788.211478280828,E01014491,BS6 5DU,BRISTOL,CITY OF BRISTOL,CITY OF BRISTOL
BS6 5,10788.211478280828,E01014671,BS6 5AE,BRISTOL,CITY OF BRISTOL,CITY OF BRISTOL
BS6 6,13016.648897731826,E01014562,BS6 6QB,BRISTOL,CITY OF BRISTOL,CITY OF BRISTOL
BS6 6,13016.648897731826,E01014561,BS6 6AT,BRISTOL,CITY OF BRISTOL,CITY OF BRISTOL
BS6 6,13016.648897731826,E01014562,BS6 6NW,BRISTOL,CITY OF BRISTOL,CITY OF BRISTOL
BS6 6,13016.648897731826,E01014560,BS6 6JB,BRISTOL,CITY OF BRISTOL,CITY OF BRISTOL
BS6 6,13016.648897731826,E01014560,BS6 6NG,BRISTOL,CITY OF BRISTOL,CITY OF BRISTOL
BS6 6,13016.648897731826,E01014560,BS6 6JA,BRISTOL,CITY OF BRISTOL,CITY OF BRISTOL
BS6 6,13016.648897731826,E01014561,BS6 6BJ,BRISTOL,CITY OF BRISTOL,CITY OF BRISTOL
BS6 6,13016.648897731826,E01014563,BS6 6AF,BRISTOL,CITY OF BRISTOL,CITY OF BRISTOL
BS6 6,13016.648897731826,E01014561,BS6 6AY,BRISTOL,CITY OF BRISTOL,CITY OF BRISTOL
BS6 6,13016.648897731826,E01014560,BS6 6JG,BRISTOL,CITY OF BRISTOL,CITY OF BRISTOL
BS6 6,13016.648897731826,E01014560,BS6 6ND,BRISTOL,CITY OF BRISTOL,CITY OF BRISTOL
BS6 6,13016.648897731826,E01014559,BS6 6UX,BRISTOL,CITY OF BRISTOL,CITY OF BRISTOL
BS6 6,13016.648897731826,E01014561,BS6 6AH,BRISTOL,CITY OF BRISTOL,CITY OF BRISTOL
BS6 6,13016.648897731826,E01014562,BS6 6NP,BRISTOL,CITY OF BRISTOL,CITY OF BRISTOL
BS6 6,13016.648897731826,E01014560,BS6 6LZ,BRISTOL,CITY OF BRISTOL,CITY OF BRISTOL
BS6 6,13016.648897731826,E01014559,BS6 6TT,BRISTOL,CITY OF BRISTOL,CITY OF BRISTOL
BS6 6,13016.648897731826,E01014558,BS6 6QR,BRISTOL,CITY OF BRISTOL,CITY OF BRISTOL
BS6 6,13016.648897731826,E01014561,BS6 6AA,BRISTOL,CITY OF BRISTOL,CITY OF BRISTOL
BS6 6,13016.648897731826,E01014558,BS6 6NE,BRISTOL,CITY OF BRISTOL,CITY OF BRISTOL
BS6 6,13016.648897731826,E01014558,BS6 6HE,BRISTOL,CITY OF BRISTOL,CITY OF BRISTOL
BS6 6,13016.648897731826,E01014672,BS6 6WB,BRISTOL,CITY OF BRISTOL,CITY OF BRISTOL
BS6 6,13016.648897731826,E01014558,BS6 6HZ,BRISTOL,CITY OF BRISTOL,CITY OF BRISTOL
BS6 6,13016.648897731826,E01014560,BS6 6LU,BRISTOL,CITY OF BRISTOL,CITY OF BRISTOL
BS6 6,13016.648897731826,E01014560,BS6 6LY,BRISTOL,CITY OF BRISTOL,CITY OF BRISTOL
BS6 6,13016.648897731826,E01014560,BS6 6RW,BRISTOL,CITY OF BRISTOL,CITY OF BRISTOL
BS6 6,13016.648897731826,E01014672,BS6 6YU,BRISTOL,CITY OF BRISTOL,CITY OF BRISTOL
BS6 6,13016.648897731826,E01014561,BS6 6AJ,BRISTOL,CITY OF BRISTOL,CITY OF BRISTOL
BS6 6,13016.648897731826,E01014560,BS6 6RH,BRISTOL,CITY OF BRISTOL,CITY OF BRISTOL
BS6 6,13016.648897731826,E01014562,BS6 6NY,BRISTOL,CITY OF BRISTOL,CITY OF BRISTOL
BS6 6,13016.648897731826,E01014558,BS6 6HW,BRISTOL,CITY OF BRISTOL,CITY OF BRISTOL
BS6 6,13016.648897731826,E01014558,BS6 6HL,BRISTOL,CITY OF BRISTOL,CITY OF BRISTOL
BS6 6,13016.648897731826,E01014561,BS6 6QP,BRISTOL,CITY OF BRISTOL,CITY OF BRISTOL
BS6 6,13016.648897731826,E01014672,BS6 6XT,BRISTOL,CITY OF BRISTOL,CITY OF BRISTOL
BS6 6,13016.648897731826,E01014559,BS6 6YA,BRISTOL,CITY OF BRISTOL,CITY OF BRISTOL
BS6 6,13016.648897731826,E01014562,BS6 6NR,BRISTOL,CITY OF BRISTOL,CITY OF BRISTOL
BS6 6,13016.648897731826,E01014559,BS6 6JE,BRISTOL,CITY OF BRISTOL,CITY OF BRISTOL
BS6 6,13016.648897731826,E01014559,BS6 6LR,BRISTOL,CITY OF BRISTOL,CITY OF BRISTOL
BS6 6,13016.648897731826,E01014560,BS6 6JN,BRISTOL,CITY OF BRISTOL,CITY OF BRISTOL
BS6 7,10065.176052023937,E01014669,BS6 7EJ,BRISTOL,CITY OF BRISTOL,CITY OF BRISTOL
BS6 7,10065.176052023937,E01014669,BS6 7EG,BRISTOL,CITY OF BRISTOL,CITY OF BRISTOL
BS6 7,10065.176052023937,E01014670,BS6 7AP,BRISTOL,CITY OF BRISTOL,CITY OF BRISTOL
BS6 7,10065.176052023937,E01014667,BS6 7RL,BRISTOL,CITY OF BRISTOL,CITY OF BRISTOL
BS6 7,10065.176052023937,E01014619,BS6 7PT,BRISTOL,CITY OF BRISTOL,CITY OF BRISTOL
BS6 7,10065.176052023937,E01014619,BS6 7PY,BRISTOL,CITY OF BRISTOL,CITY OF BRISTOL
BS6 7,10065.176052023937,E01014621,BS6 7RR,BRISTOL,CITY OF BRISTOL,CITY OF BRISTOL
BS6 7,10065.176052023937,E01014672,BS6 7JH,BRISTOL,CITY OF BRISTOL,CITY OF BRISTOL
BS6 7,10065.176052023937,E01014621,BS6 7US,BRISTOL,CITY OF BRISTOL,CITY OF BRISTOL
BS6 7,10065.176052023937,E01014621,BS6 7RP,BRISTOL,CITY OF BRISTOL,CITY OF BRISTOL
BS6 7,10065.176052023937,E01014672,BS6 7EP,BRISTOL,CITY OF BRISTOL,CITY OF BRISTOL
BS6 7,10065.176052023937,E01014667,BS6 7RJ,BRISTOL,CITY OF BRISTOL,CITY OF BRISTOL
BS6 7,10065.176052023937,E01014669,BS6 7EN,BRISTOL,CITY OF BRISTOL,CITY OF BRISTOL
BS6 7,10065.176052023937,E01014670,BS6 7DT,BRISTOL,CITY OF BRISTOL,CITY OF BRISTOL
BS7 0,15497.495068212698,E01014659,BS7 0EY,BRISTOL,CITY OF BRISTOL,CITY OF BRISTOL
BS7 0,15497.495068212698,E01014659,BS7 0LH,BRISTOL,CITY OF BRISTOL,CITY OF BRISTOL
BS7 0,15497.495068212698,E01014635,BS7 0BW,BRISTOL,CITY OF BRISTOL,CITY OF BRISTOL
BS7 0,15497.495068212698,E01014635,BS7 0FF,BRISTOL,CITY OF BRISTOL,CITY OF BRISTOL
BS7 0,15497.495068212698,E01014659,BS7 0AF,BRISTOL,CITY OF BRISTOL,CITY OF BRISTOL
BS7 0,15497.495068212698,E01014659,BS7 0LE,BRISTOL,CITY OF BRISTOL,CITY OF BRISTOL
BS7 0,15497.495068212698,E01014659,BS7 0AS,BRISTOL,CITY OF BRISTOL,CITY OF BRISTOL
BS7 0,15497.495068212698,E01014659,BS7 0EX,BRISTOL,CITY OF BRISTOL,CITY OF BRISTOL
BS7 0,15497.495068212698,E01014634,BS7 0HB,BRISTOL,CITY OF BRISTOL,CITY OF BRISTOL
BS7 0,15497.495068212698,E01014635,BS7 0AP,BRISTOL,CITY OF BRISTOL,CITY OF BRISTOL
BS7 0,15497.495068212698,E01014632,BS7 0PD,BRISTOL,CITY OF BRISTOL,CITY OF BRISTOL
BS7 0,15497.495068212698,E01014662,BS7 0AU,BRISTOL,CITY OF BRISTOL,CITY OF BRISTOL
BS7 0,15497.495068212698,E01014635,BS7 0BJ,BRISTOL,CITY OF BRISTOL,CITY OF BRISTOL
BS7 0,15497.495068212698,E01014661,BS7 0AY,BRISTOL,CITY OF BRISTOL,CITY OF BRISTOL
BS7 8,10314.5679653921,E01014512,BS7 8NR,BRISTOL,CITY OF BRISTOL,CITY OF BRISTOL
BS7 8,10314.5679653921,E01014510,BS7 8UA,BRISTOL,CITY OF BRISTOL,CITY OF BRISTOL
BS7 8,10314.5679653921,E01014668,BS7 8BA,BRISTOL,CITY OF BRISTOL,CITY OF BRISTOL
BS7 8,10314.5679653921,E01014668,BS7 8HE,BRISTOL,CITY OF BRISTOL,CITY OF BRISTOL
BS7 8,10314.5679653921,E01014511,BS7 8NT,BRISTOL,CITY OF BRISTOL,CITY OF BRISTOL
BS7 8,10314.5679653921,E01014670,BS7 8DF,BRISTOL,CITY OF BRISTOL,CITY OF BRISTOL
BS7 8,10314.5679653921,E01014637,BS7 8SH,BRISTOL,CITY OF BRISTOL,CITY OF BRISTOL
BS7 8,10314.5679653921,E01014637,BS7 8SE,BRISTOL,CITY OF BRISTOL,CITY OF BRISTOL
BS7 8,10314.5679653921,E01014670,BS7 8DE,BRISTOL,CITY OF BRISTOL,CITY OF BRISTOL
BS7 8,10314.5679653921,E01014514,BS7 8PD,BRISTOL,CITY OF BRISTOL,CITY OF BRISTOL
BS7 8,10314.5679653921,E01014637,BS7 8UG,BRISTOL,CITY OF BRISTOL,CITY OF BRISTOL
BS7 8,10314.5679653921,E01014668,BS7 8HD,BRISTOL,CITY OF BRISTOL,CITY OF BRISTOL
BS7 8,10314.5679653921,E01014671,BS7 8AE,BRISTOL,CITY OF BRISTOL,CITY OF BRISTOL
BS7 8,10314.5679653921,E01014514,BS7 8TN,BRISTOL,CITY OF BRISTOL,CITY OF BRISTOL
BS7 8,10314.5679653921,E01014637,BS7 8UD,BRISTOL,CITY OF BRISTOL,CITY OF BRISTOL
BS7 8,10314.5679653921,E01014512,BS7 8NN,BRISTOL,CITY OF BRISTOL,CITY OF BRISTOL
BS7 8,10314.5679653921,E01014668,BS7 8BN,BRISTOL,CITY OF BRISTOL,CITY OF BRISTOL
BS7 8,10314.5679653921,E01014513,BS7 8HX,BRISTOL,CITY OF BRISTOL,CITY OF BRISTOL
BS7 8,10314.5679653921,E01014668,BS7 8BG,BRISTOL,CITY OF BRISTOL,CITY OF BRISTOL
BS7 8,10314.5679653921,E01014668,BS7 8ES,BRISTOL,CITY OF BRISTOL,CITY OF BRISTOL
BS7 9,15350.675635342732,E01014508,BS7 9LT,BRISTOL,CITY OF BRISTOL,CITY OF BRISTOL
BS7 9,15350.675635342732,E01014508,BS7 9LS,BRISTOL,CITY OF BRISTOL,CITY OF BRISTOL
BS7 9,15350.675635342732,E01014508,BS7 9LU,BRISTOL,CITY OF BRISTOL,CITY OF BRISTOL
BS7 9,15350.675635342732,E01014509,BS7 9FG,BRISTOL,CITY OF BRISTOL,CITY OF BRISTOL
BS7 9,15350.675635342732,E01014509,BS7 9HZ,BRISTOL,CITY OF BRISTOL,CITY OF BRISTOL
BS7 9,15350.675635342732,E01014508,BS7 9LR,BRISTOL,CITY OF BRISTOL,CITY OF BRISTOL
BS7 9,15350.675635342732,E01014510,BS7 9RF,BRISTOL,CITY OF BRISTOL,CITY OF BRISTOL
BS7 9,15350.675635342732,E01014508,BS7 9EX,BRISTOL,CITY OF BRISTOL,CITY OF BRISTOL
BS7 9,15350.675635342732,E01014507,BS7 9HT,BRISTOL,CITY OF BRISTOL,CITY OF BRISTOL
BS7 9,15350.675635342732,E01014509,BS7 9EU,BRISTOL,CITY OF BRISTOL,CITY OF BRISTOL
BS7 9,15350.675635342732,E01014509,BS7 9LF,BRISTOL,CITY OF BRISTOL,CITY OF BRISTOL
BS7 9,15350.675635342732,E01014507,BS7 9HS,BRISTOL,CITY OF BRISTOL,CITY OF BRISTOL
BS7 9,15350.675635342732,E01014512,BS7 9DQ,BRISTOL,CITY OF BRISTOL,CITY OF BRISTOL
BS7 9,15350.675635342732,E01014509,BS7 9LB,BRISTOL,CITY OF BRISTOL,CITY OF BRISTOL
BS7 9,15350.675635342732,E01014662,BS7 9RQ,BRISTOL,CITY OF BRISTOL,CITY OF BRISTOL
BS7 9,15350.675635342732,E01014507,BS7 9HL,BRISTOL,CITY OF BRISTOL,CITY OF BRISTOL
BS8 1,4896.327524957993,E01014554,BS8 1JP,BRISTOL,CITY OF BRISTOL,CITY OF BRISTOL
BS8 1,4896.327524957993,E01014555,BS8 1AB,BRISTOL,CITY OF BRISTOL,CITY OF BRISTOL
BS8 1,4896.327524957993,E01014554,BS8 1RT,BRISTOL,CITY OF BRISTOL,CITY OF BRISTOL
BS8 1,4896.327524957993,E01014555,BS8 1AW,BRISTOL,CITY OF BRISTOL,CITY OF BRISTOL
BS8 1,4896.327524957993,E01014538,BS8 1SF,BRISTOL,CITY OF BRISTOL,CITY OF BRISTOL
BS8 1,4896.327524957993,E01014551,BS8 1LP,BRISTOL,CITY OF BRISTOL,CITY OF BRISTOL
BS8 1,4896.327524957993,E01014554,BS8 1LJ,BRISTOL,CITY OF BRISTOL,CITY OF BRISTOL
BS8 1,4896.327524957993,E01014555,BS8 1EE,BRISTOL,CITY OF BRISTOL,CITY OF BRISTOL
BS8 1,4896.327524957993,E01014542,BS8 1SY,BRISTOL,CITY OF BRISTOL,CITY OF BRISTOL
BS8 1,4896.327524957993,E01014542,BS8 1QE,BRISTOL,CITY OF BRISTOL,CITY OF BRISTOL
BS8 1,4896.327524957993,E01014555,BS8 1AH,BRISTOL,CITY OF BRISTOL,CITY OF BRISTOL
BS8 1,4896.327524957993,E01014551,BS8 1LR,BRISTOL,CITY OF BRISTOL,CITY OF BRISTOL
BS8 1,4896.327524957993,E01014554,BS8 1SA,BRISTOL,CITY OF BRISTOL,CITY OF BRISTOL
BS8 1,4896.327524957993,E01014554,BS8 1LH,BRISTOL,CITY OF BRISTOL,CITY OF BRISTOL
BS8 1,4896.327524957993,E01014555,BS8 1AA,BRISTOL,CITY OF BRISTOL,CITY OF BRISTOL
BS8 1,4896.327524957993,E01014555,BS8 1AP,BRISTOL,CITY OF BRISTOL,CITY OF BRISTOL
BS8 1,4896.327524957993,E01014555,BS8 1EB,BRISTOL,CITY OF BRISTOL,CITY OF BRISTOL
BS8 1,4896.327524957993,E01014554,BS8 1LX,BRISTOL,CITY OF BRISTOL,CITY OF BRISTOL
BS8 1,4896.327524957993,E01014542,BS8 1SZ,BRISTOL,CITY OF BRISTOL,CITY OF BRISTOL
BS8 1,4896.327524957993,E01014538,BS8 1TU,BRISTOL,CITY OF BRISTOL,CITY OF BRISTOL
BS8 1,4896.327524957993,E01014542,BS8 1RE,BRISTOL,CITY OF BRISTOL,CITY OF BRISTOL
BS8 2,7288.679790695324,E01014552,BS8 2BZ,BRISTOL,CITY OF BRISTOL,CITY OF BRISTOL
BS8 2,7288.679790695324,E01014551,BS8 2EJ,BRISTOL,CITY OF BRISTOL,CITY OF BRISTOL
BS8 2,7288.679790695324,E01014553,BS8 2JY,BRISTOL,CITY OF BRISTOL,CITY OF BRISTOL
BS8 2,7288.679790695324,E01014553,BS8 2EY,BRISTOL,CITY OF BRISTOL,CITY OF BRISTOL
BS8 2,7288.679790695324,E01014556,BS8 2JZ,BRISTOL,CITY OF BRISTOL,CITY OF BRISTOL
BS8 2,7288.679790695324,E01014551,BS8 2BG,BRISTOL,CITY OF BRISTOL,CITY OF BRISTOL
BS8 2,7288.679790695324,E01014552,BS8 2DD,BRISTOL,CITY OF BRISTOL,CITY OF BRISTOL
BS8 2,7288.679790695324,E01014551,BS8 2BB,BRISTOL,CITY OF BRISTOL,CITY OF BRISTOL
BS8 2,7288.679790695324,E01014552,BS8 2DG,BRISTOL,CITY OF BRISTOL,CITY OF BRISTOL
BS8 2,7288.679790695324,E01014553,BS8 2HD,BRISTOL,CITY OF BRISTOL,CITY OF BRISTOL
BS8 2,7288.679790695324,E01014553,BS8 2HA,BRISTOL,CITY OF BRISTOL,CITY OF BRISTOL
BS8 2,7288.679790695324,E01014553,BS8 2JX,BRISTOL,CITY OF BRISTOL,CITY OF BRISTOL
BS8 2,7288.679790695324,E01014552,BS8 2HL,BRISTOL,CITY OF BRISTOL,CITY OF BRISTOL
BS8 2,7288.679790695324,E01014553,BS8 2HG,BRISTOL,CITY OF BRISTOL,CITY OF BRISTOL
BS8 2,7288.679790695324,E01014551,BS8 2AL,BRISTOL,CITY OF BRISTOL,CITY OF BRISTOL
BS8 2,7288.679790695324,E01014556,BS8 2JT,BRISTOL,CITY OF BRISTOL,CITY OF BRISTOL
BS8 2,7288.679790695324,E01014551,BS8 2AJ,BRISTOL,CITY OF BRISTOL,CITY OF BRISTOL
BS8 2,7288.679790695324,E01014556,BS8 2TS,BRISTOL,CITY OF BRISTOL,CITY OF BRISTOL
BS8 2,7288.679790695324,E01014553,BS8 2ST,BRISTOL,CITY OF BRISTOL,CITY OF BRISTOL
BS8 2,7288.679790695324,E01014551,BS8 2DP,BRISTOL,CITY OF BRISTOL,CITY OF BRISTOL
BS8 2,7288.679790695324,E01014552,BS8 2DW,BRISTOL,CITY OF BRISTOL,CITY OF BRISTOL
BS8 2,7288.679790695324,E01014552,BS8 2DE,BRISTOL,CITY OF BRISTOL,CITY OF BRISTOL
BS8 2,7288.679790695324,E01014551,BS8 2BA,BRISTOL,CITY OF BRISTOL,CITY OF BRISTOL
BS8 2,7288.679790695324,E01014552,BS8 2JB,BRISTOL,CITY OF BRISTOL,CITY OF BRISTOL
BS8 2,7288.679790695324,E01014552,BS8 2BY,BRISTOL,CITY OF BRISTOL,CITY OF BRISTOL
BS8 2,7288.679790695324,E01014552,BS8 2HT,BRISTOL,CITY OF BRISTOL,CITY OF BRISTOL
BS8 2,7288.679790695324,E01014551,BS8 2AH,BRISTOL,CITY OF BRISTOL,CITY OF BRISTOL
BS8 2,7288.679790695324,E01014551,BS8 2AW,BRISTOL,CITY OF BRISTOL,CITY OF BRISTOL
BS8 2,7288.679790695324,E01014552,BS8 2DJ,BRISTOL,CITY OF BRISTOL,CITY OF BRISTOL
BS8 2,7288.679790695324,E01014553,BS8 2HB,BRISTOL,CITY OF BRISTOL,CITY OF BRISTOL
BS8 3,5222.14599242285,E01014552,BS8 3EW,BRISTOL,CITY OF BRISTOL,CITY OF BRISTOL
BS8 3,5222.14599242285,E01014554,BS8 3AX,BRISTOL,CITY OF BRISTOL,CITY OF BRISTOL
BS8 3,5222.14599242285,E01014551,BS8 3AU,BRISTOL,CITY OF BRISTOL,CITY OF BRISTOL
BS8 3,5222.14599242285,E01014544,BS8 3GF,BRISTOL,CITY OF BRISTOL,CITY OF BRISTOL
BS8 3,5222.14599242285,E01014554,BS8 3BA,BRISTOL,CITY OF BRISTOL,CITY OF BRISTOL
BS8 3,5222.14599242285,E01014545,BS8 3DR,BRISTOL,CITY OF BRISTOL,CITY OF BRISTOL
BS8 3,5222.14599242285,E01014552,BS8 3EG,BRISTOL,CITY OF BRISTOL,CITY OF BRISTOL
BS8 3,5222.14599242285,E01014544,BS8 3GE,BRISTOL,CITY OF BRISTOL,CITY OF BRISTOL
BS8 3,5222.14599242285,E01014544,BS8 3EU,BRISTOL,CITY OF BRISTOL,CITY OF BRISTOL
BS8 3,5222.14599242285,E01014545,BS8 3DW,BRISTOL,CITY OF BRISTOL,CITY OF BRISTOL
BS8 3,5222.14599242285,E01014545,BS8 3JB,BRISTOL,CITY OF BRISTOL,CITY OF BRISTOL
BS8 3,5222.14599242285,E01014544,BS8 3HX,BRISTOL,CITY OF BRISTOL,CITY OF BRISTOL
BS8 3,5222.14599242285,E01014554,BS8 3EH,BRISTOL,CITY OF BRISTOL,CITY OF BRISTOL
BS8 3,5222.14599242285,E01014554,BS8 3BB,BRISTOL,CITY OF BRISTOL,CITY OF BRISTOL
BS8 3,5222.14599242285,E01014544,BS8 3HB,BRISTOL,CITY OF BRISTOL,CITY OF BRISTOL
BS8 3,5222.14599242285,E01014544,BS8 3GH,BRISTOL,CITY OF BRISTOL,CITY OF BRISTOL
BS8 3,5222.14599242285,E01014552,BS8 3DT,BRISTOL,CITY OF BRISTOL,CITY OF BRISTOL
BS8 3,5222.14599242285,E01014545,BS8 3HZ,BRISTOL,CITY OF BRISTOL,CITY OF BRISTOL
BS8 3,5222.14599242285,E01014545,BS8 3EF,BRISTOL,CITY OF BRISTOL,CITY OF BRISTOL
BS8 3,5222.14599242285,E01014556,BS8 3ER,BRISTOL,CITY OF BRISTOL,CITY OF BRISTOL
BS8 3,5222.14599242285,E01014552,BS8 3DX,BRISTOL,CITY OF BRISTOL,CITY OF BRISTOL
BS8 3,5222.14599242285,E01014545,BS8 3BE,BRISTOL,CITY OF BRISTOL,CITY OF BRISTOL
BS8 3,5222.14599242285,E01014545,BS8 3EE,BRISTOL,CITY OF BRISTOL,CITY OF BRISTOL
BS8 3,5222.14599242285,E01014552,BS8 3EQ,BRISTOL,CITY OF BRISTOL,CITY OF BRISTOL
BS8 3,5222.14599242285,E01014544,BS8 3HG,BRISTOL,CITY OF BRISTOL,CITY OF BRISTOL
BS8 4,8841.345573922916,E01014548,BS8 4LJ,BRISTOL,CITY OF BRISTOL,CITY OF BRISTOL
BS8 4,8841.345573922916,E01014544,BS8 4AW,BRISTOL,CITY OF BRISTOL,CITY OF BRISTOL
BS8 4,8841.345573922916,E01014547,BS8 4JW,BRISTOL,CITY OF BRISTOL,CITY OF BRISTOL
BS8 4,8841.345573922916,E01014547,BS8 4BQ,BRISTOL,CITY OF BRISTOL,CITY OF BRISTOL
BS8 4,8841.345573922916,E01014547,BS8 4BG,BRISTOL,CITY OF BRISTOL,CITY OF BRISTOL
BS8 4,8841.345573922916,E01014545,BS8 4HH,BRISTOL,CITY OF BRISTOL,CITY OF BRISTOL
BS8 4,8841.345573922916,E01014547,BS8 4LN,BRISTOL,CITY OF BRISTOL,CITY OF BRISTOL
BS8 4,8841.345573922916,E01014550,BS8 4QD,BRISTOL,CITY OF BRISTOL,CITY OF BRISTOL
BS8 4,8841.345573922916,E01014546,BS8 4BT,BRISTOL,CITY OF BRISTOL,CITY OF BRISTOL
BS8 4,8841.345573922916,E01014546,BS8 4HR,BRISTOL,CITY OF BRISTOL,CITY OF BRISTOL
BS8 4,8841.345573922916,E01014547,BS8 4BJ,BRISTOL,CITY OF BRISTOL,CITY OF BRISTOL
BS8 4,8841.345573922916,E01014546,BS8 4JG,BRISTOL,CITY OF BRISTOL,CITY OF BRISTOL
BS8 4,8841.345573922916,E01014547,BS8 4JZ,BRISTOL,CITY OF BRISTOL,CITY OF BRISTOL
BS8 4,8841.345573922916,E01014547,BS8 4JX,BRISTOL,CITY OF BRISTOL,CITY OF BRISTOL
BS8 4,8841.345573922916,E01014546,BS8 4JA,BRISTOL,CITY OF BRISTOL,CITY OF BRISTOL
BS8 4,8841.345573922916,E01014547,BS8 4JU,BRISTOL,CITY OF BRISTOL,CITY OF BRISTOL
BS8 4,8841.345573922916,E01014550,BS8 4TR,BRISTOL,CITY OF BRISTOL,CITY OF BRISTOL
BS8 4,8841.345573922916,E01014546,BS8 4HB,BRISTOL,CITY OF BRISTOL,CITY OF BRISTOL
BS8 4,8841.345573922916,E01014546,BS8 4JS,BRISTOL,CITY OF BRISTOL,CITY OF BRISTOL
BS8 4,8841.345573922916,E01014545,BS8 4EF,BRISTOL,CITY OF BRISTOL,CITY OF BRISTOL
BS8 4,8841.345573922916,E01014548,BS8 4LW,BRISTOL,CITY OF BRISTOL,CITY OF BRISTOL
BS8 4,8841.345573922916,E01014546,BS8 4HA,BRISTOL,CITY OF BRISTOL,CITY OF BRISTOL
BS8 4,8841.345573922916,E01014546,BS8 4HW,BRISTOL,CITY OF BRISTOL,CITY OF BRISTOL
BS8 4,8841.345573922916,E01014546,BS8 4JF,BRISTOL,CITY OF BRISTOL,CITY OF BRISTOL
BS8 4,8841.345573922916,E01014546,BS8 4EP,BRISTOL,CITY OF BRISTOL,CITY OF BRISTOL
BS8 4,8841.345573922916,E01014546,BS8 4HD,BRISTOL,CITY OF BRISTOL,CITY OF BRISTOL
BS8 4,8841.345573922916,E01014546,BS8 4DS,BRISTOL,CITY OF BRISTOL,CITY OF BRISTOL
BS8 4,8841.345573922916,E01014549,BS8 4TL,BRISTOL,CITY OF BRISTOL,CITY OF BRISTOL
BS8 4,8841.345573922916,E01014546,BS8 4JD,BRISTOL,CITY OF BRISTOL,CITY OF BRISTOL
BS8 4,8841.345573922916,E01014547,BS8 4LL,BRISTOL,CITY OF BRISTOL,CITY OF BRISTOL
BS8 4,8841.345573922916,E01014546,BS8 4JP,BRISTOL,CITY OF BRISTOL,CITY OF BRISTOL
BS8 4,8841.345573922916,E01014545,BS8 4NL,BRISTOL,CITY OF BRISTOL,CITY OF BRISTOL
BS8 4,8841.345573922916,E01014546,BS8 4DR,BRISTOL,CITY OF BRISTOL,CITY OF BRISTOL
BS8 4,8841.345573922916,E01014549,BS8 4TD,BRISTOL,CITY OF BRISTOL,CITY OF BRISTOL
BS8 4,8841.345573922916,E01014550,BS8 4PZ,BRISTOL,CITY OF BRISTOL,CITY OF BRISTOL
BS8 4,8841.345573922916,E01014547,BS8 4BH,BRISTOL,CITY OF BRISTOL,CITY OF BRISTOL
BS9 1,8428.03881426842,E01014709,BS9 1PU,BRISTOL,CITY OF BRISTOL,CITY OF BRISTOL
BS9 1,8428.03881426842,E01014710,BS9 1NA,BRISTOL,CITY OF BRISTOL,CITY OF BRISTOL
BS9 1,8428.03881426842,E01014709,BS9 1QD,BRISTOL,CITY OF BRISTOL,CITY OF BRISTOL
BS9 1,8428.03881426842,E01014710,BS9 1LX,BRISTOL,CITY OF BRISTOL,CITY OF BRISTOL
BS9 1,8428.03881426842,E01014710,BS9 1NQ,BRISTOL,CITY OF BRISTOL,CITY OF BRISTOL
BS9 1,8428.03881426842,E01014710,BS9 1LU,BRISTOL,CITY OF BRISTOL,CITY OF BRISTOL
BS9 1,8428.03881426842,E01014710,BS9 1NB,BRISTOL,CITY OF BRISTOL,CITY OF BRISTOL
BS9 1,8428.03881426842,E01014709,BS9 1QA,BRISTOL,CITY OF BRISTOL,CITY OF BRISTOL
BS9 1,8428.03881426842,E01014710,BS9 1PY,BRISTOL,CITY OF BRISTOL,CITY OF BRISTOL
BS9 1,8428.03881426842,E01014710,BS9 1PE,BRISTOL,CITY OF BRISTOL,CITY OF BRISTOL
BS9 1,8428.03881426842,E01014709,BS9 1QB,BRISTOL,CITY OF BRISTOL,CITY OF BRISTOL
BS9 1,8428.03881426842,E01014710,BS9 1LZ,BRISTOL,CITY OF BRISTOL,CITY OF BRISTOL
BS9 1,8428.03881426842,E01014710,BS9 1PA,BRISTOL,CITY OF BRISTOL,CITY OF BRISTOL
BS9 1,8428.03881426842,E01014710,BS9 1LY,BRISTOL,CITY OF BRISTOL,CITY OF BRISTOL
BS9 1,8428.03881426842,E01014710,BS9 1PD,BRISTOL,CITY OF BRISTOL,CITY OF BRISTOL
BS9 1,8428.03881426842,E01014709,BS9 1JT,BRISTOL,CITY OF BRISTOL,CITY OF BRISTOL
BS9 2,6637.04285576561,E01014641,BS9 2RQ,BRISTOL,CITY OF BRISTOL,CITY OF BRISTOL
BS9 2,6637.04285576561,E01014641,BS9 2RE,BRISTOL,CITY OF BRISTOL,CITY OF BRISTOL
BS9 3,8587.931210339137,E01014619,BS9 3AY,BRISTOL,CITY OF BRISTOL,CITY OF BRISTOL
BS9 3,8587.931210339137,E01014719,BS9 3BJ,BRISTOL,CITY OF BRISTOL,CITY OF BRISTOL
BS9 3,8587.931210339137,E01014719,BS9 3AH,BRISTOL,CITY OF BRISTOL,CITY OF BRISTOL
BS9 3,8587.931210339137,E01014719,BS9 3BL,BRISTOL,CITY OF BRISTOL,CITY OF BRISTOL
BS9 3,8587.931210339137,E01014719,BS9 3BQ,BRISTOL,CITY OF BRISTOL,CITY OF BRISTOL
BS9 3,8587.931210339137,E01014616,BS9 3AN,BRISTOL,CITY OF BRISTOL,CITY OF BRISTOL
BS9 3,8587.931210339137,E01014619,BS9 3AX,BRISTOL,CITY OF BRISTOL,CITY OF BRISTOL
BS9 3,8587.931210339137,E01014719,BS9 3ED,BRISTOL,CITY OF BRISTOL,CITY OF BRISTOL
BS9 3,8587.931210339137,E01014715,BS9 3RW,BRISTOL,CITY OF BRISTOL,CITY OF BRISTOL
BS9 3,8587.931210339137,E01014719,BS9 3HG,BRISTOL,CITY OF BRISTOL,CITY OF BRISTOL
TR1 1,8721.677680008353,E01018846,TR1 1SS,TRURO,CORNWALL,CORNWALL
TR1 1,8721.677680008353,E01018823,TR1 1DY,TRURO,CORNWALL,CORNWALL
TR1 1,8721.677680008353,E01018846,TR1 1TQ,TRURO,CORNWALL,CORNWALL
TR1 2,3255.1678369868605,E01018807,TR1 2XN,TRURO,CORNWALL,CORNWALL
TR2 4,5351.870011876451,E01018848,TR2 4LH,TRURO,CORNWALL,CORNWALL
TR2 4,5351.870011876451,E01018847,TR2 4EE,TRURO,CORNWALL,CORNWALL
TR2 4,5351.870011876451,E01018848,TR2 4LG,TRURO,CORNWALL,CORNWALL
TR2 4,5351.870011876451,E01019066,TR2 4SB,TRURO,CORNWALL,CORNWALL
TR2 4,5351.870011876451,E01018848,TR2 4LD,TRURO,CORNWALL,CORNWALL
TR2 4,5351.870011876451,E01019066,TR2 4QR,TRURO,CORNWALL,CORNWALL
TR2 4,5351.870011876451,E01018847,TR2 4FD,TRURO,CORNWALL,CORNWALL
TR2 4,5351.870011876451,E01018848,TR2 4PY,TRURO,CORNWALL,CORNWALL
TR2 4,5351.870011876451,E01018848,TR2 4JX,TRURO,CORNWALL,CORNWALL
TR2 4,5351.870011876451,E01018848,TR2 4LQ,TRURO,CORNWALL,CORNWALL
TR2 4,5351.870011876451,E01019066,TR2 4QP,TRURO,CORNWALL,CORNWALL
TR2 4,5351.870011876451,E01018847,TR2 4DN,TRURO,CORNWALL,CORNWALL
TR2 4,5351.870011876451,E01019066,TR2 4RS,TRURO,CORNWALL,CORNWALL
TR2 4,5351.870011876451,E01019066,TR2 4QU,TRURO,CORNWALL,CORNWALL
TR2 4,5351.870011876451,E01018848,TR2 4JL,TRURO,CORNWALL,CORNWALL
TR2 5,4166.252810823776,E01018845,TR2 5NH,TRURO,CORNWALL,CORNWALL
TR2 5,4166.252810823776,E01018849,TR2 5BS,TRURO,CORNWALL,CORNWALL
TR2 5,4166.252810823776,E01018850,TR2 5NZ,TRURO,CORNWALL,CORNWALL
TR2 5,4166.252810823776,E01018849,TR2 5HZ,TRURO,CORNWALL,CORNWALL
TR2 5,4166.252810823776,E01018849,TR2 5BP,TRURO,CORNWALL,CORNWALL
TR2 5,4166.252810823776,E01018849,TR2 5BG,TRURO,CORNWALL,CORNWALL
TR2 5,4166.252810823776,E01018845,TR2 5RW,TRURO,CORNWALL,CORNWALL
TR2 5,4166.252810823776,E01018849,TR2 5DB,TRURO,CORNWALL,CORNWALL
TR2 5,4166.252810823776,E01018846,TR2 5TE,TRURO,CORNWALL,CORNWALL
TR2 5,4166.252810823776,E01018849,TR2 5DJ,TRURO,CORNWALL,CORNWALL
TR2 5,4166.252810823776,E01018849,TR2 5DN,TRURO,CORNWALL,CORNWALL
TR2 5,4166.252810823776,E01018849,TR2 5DG,TRURO,CORNWALL,CORNWALL
TR2 5,4166.252810823776,E01018849,TR2 5HH,TRURO,CORNWALL,CORNWALL
TR2 5,4166.252810823776,E01018845,TR2 5FB,TRURO,CORNWALL,CORNWALL
TR2 5,4166.252810823776,E01018849,TR2 5HE,TRURO,CORNWALL,CORNWALL
TR3 6,7943.33356328675,E01018817,TR3 6QY,TRURO,CORNWALL,CORNWALL
TR3 6,7943.33356328675,E01018818,TR3 6JH,TRURO,CORNWALL,CORNWALL
TR3 6,7943.33356328675,E01018817,TR3 6LD,TRURO,CORNWALL,CORNWALL
TR3 6,7943.33356328675,E01018822,TR3 6DY,TRURO,CORNWALL,CORNWALL
TR3 6,7943.33356328675,E01018817,TR3 6LE,TRURO,CORNWALL,CORNWALL
TR3 6,7943.33356328675,E01018818,TR3 6EP,TRURO,CORNWALL,CORNWALL
TR3 6,7943.33356328675,E01018855,TR3 6FJ,TRURO,CORNWALL,CORNWALL
TR3 6,7943.33356328675,E01018817,TR3 6PA,TRURO,CORNWALL,CORNWALL
TR3 6,7943.33356328675,E01018817,TR3 6HH,TRURO,CORNWALL,CORNWALL
TR3 6,7943.33356328675,E01018817,TR3 6HJ,TRURO,CORNWALL,CORNWALL
TR3 6,7943.33356328675,E01018819,TR3 6BD,TRURO,CORNWALL,CORNWALL
TR3 6,7943.33356328675,E01018816,TR3 6RU,TRURO,CORNWALL,CORNWALL
TR3 6,7943.33356328675,E01018818,TR3 6LN,TRURO,CORNWALL,CORNWALL
TR3 7,4525.2564925674615,E01018827,TR3 7JR,TRURO,CORNWALL,CORNWALL
TR3 7,4525.2564925674615,E01018921,TR3 7BT,TRURO,CORNWALL,CORNWALL
TR3 7,4525.2564925674615,E01018921,TR3 7BP,TRURO,CORNWALL,CORNWALL
TR3 7,4525.2564925674615,E01018921,TR3 7AP,TRURO,CORNWALL,CORNWALL
TR3 7,4525.2564925674615,E01018830,TR3 7JY,TRURO,CORNWALL,CORNWALL
TR3 7,4525.2564925674615,E01018921,TR3 7BD,TRURO,CORNWALL,CORNWALL
TR3 7,4525.2564925674615,E01018921,TR3 7AN,TRURO,CORNWALL,CORNWALL
TR3 7,4525.2564925674615,E01018830,TR3 7NL,TRURO,CORNWALL,CORNWALL
TR3 7,4525.2564925674615,E01018901,TR3 7EP,TRURO,CORNWALL,CORNWALL
TR3 7,4525.2564925674615,E01018830,TR3 7NN,TRURO,CORNWALL,CORNWALL
TR3 7,4525.2564925674615,E01018921,TR3 7BU,TRURO,CORNWALL,CORNWALL
TR3 7,4525.2564925674615,E01018921,TR3 7AY,TRURO,CORNWALL,CORNWALL
TR3 7,4525.2564925674615,E01018921,TR3 7BW,TRURO,CORNWALL,CORNWALL
TR3 7,4525.2564925674615,E01018921,TR3 7AH,TRURO,CORNWALL,CORNWALL
TR3 7,4525.2564925674615,E01018830,TR3 7LL,TRURO,CORNWALL,CORNWALL
TR3 7,4525.2564925674615,E01018827,TR3 7PB,TRURO,CORNWALL,CORNWALL
TR3 7,4525.2564925674615,E01018830,TR3 7LQ,TRURO,CORNWALL,CORNWALL
TR4 8,6061.83247493259,E01018825,TR4 8AP,TRURO,CORNWALL,CORNWALL
TR4 8,6061.83247493259,E01018826,TR4 8HH,TRURO,CORNWALL,CORNWALL
TR4 8,6061.83247493259,E01018825,TR4 8AE,TRURO,CORNWALL,CORNWALL
TR4 8,6061.83247493259,E01018892,TR4 8TY,TRURO,CORNWALL,CORNWALL
TR4 8,6061.83247493259,E01018825,TR4 8FF,TRURO,CORNWALL,CORNWALL
TR4 8,6061.83247493259,E01018825,TR4 8AX,TRURO,CORNWALL,CORNWALL
TR4 8,6061.83247493259,E01018825,TR4 8TZ,TRURO,CORNWALL,CORNWALL
TR4 8,6061.83247493259,E01018820,TR4 8QH,TRURO,CORNWALL,CORNWALL
TR4 8,6061.83247493259,E01018820,TR4 8NJ,TRURO,CORNWALL,CORNWALL
TR4 8,6061.83247493259,E01018820,TR4 8LW,TRURO,CORNWALL,CORNWALL
TR4 8,6061.83247493259,E01018825,TR4 8AT,TRURO,CORNWALL,CORNWALL
TR4 8,6061.83247493259,E01018825,TR4 8AW,TRURO,CORNWALL,CORNWALL
TR4 8,6061.83247493259,E01018820,TR4 8LN,TRURO,CORNWALL,CORNWALL
TR4 8,6061.83247493259,E01018820,TR4 8NH,TRURO,CORNWALL,CORNWALL
TR4 8,6061.83247493259,E01018829,TR4 8SE,TRURO,CORNWALL,CORNWALL
TR4 8,6061.83247493259,E01018820,TR4 8PH,TRURO,CORNWALL,CORNWALL
TR4 8,6061.83247493259,E01018820,TR4 8LP,TRURO,CORNWALL,CORNWALL
TR4 8,6061.83247493259,E01018826,TR4 8DU,TRURO,CORNWALL,CORNWALL
TR4 9,5047.1694080435755,E01018819,TR4 9FB,TRURO,CORNWALL,CORNWALL
TR4 9,5047.1694080435755,E01018821,TR4 9EY,TRURO,CORNWALL,CORNWALL
TR4 9,5047.1694080435755,E01018833,TR4 9PA,TRURO,CORNWALL,CORNWALL
TR4 9,5047.1694080435755,E01018819,TR4 9LD,TRURO,CORNWALL,CORNWALL
TR4 9,5047.1694080435755,E01018833,TR4 9JL,TRURO,CORNWALL,CORNWALL
TR4 9,5047.1694080435755,E01018819,TR4 9LF,TRURO,CORNWALL,CORNWALL
TR4 9,5047.1694080435755,E01018819,TR4 9NY,TRURO,CORNWALL,CORNWALL
TR5 0,3905.799159362671,E01018852,TR5 0UY,ST AGNES,CORNWALL,CORNWALL
TR6 0,3535.733739526043,E01018843,TR6 0DQ,PERRANPORTH,CORNWALL,CORNWALL
TR6 0,3535.733739526043,E01018843,TR6 0AU,PERRANPORTH,CORNWALL,CORNWALL
TR6 0,3535.733739526043,E01018843,TR6 0DH,PERRANPORTH,CORNWALL,CORNWALL
TR6 0,3535.733739526043,E01018842,TR6 0HT,PERRANPORTH,CORNWALL,CORNWALL
TR7 3,5618.357338660979,E01019048,TR7 3LR,NEWQUAY,CORNWALL,CORNWALL
TR7 3,5618.357338660979,E01019048,TR7 3NE,NEWQUAY,CORNWALL,CORNWALL
TR7 3,5618.357338660979,E01019048,TR7 3BD,NEWQUAY,CORNWALL,CORNWALL
TR7 3,5618.357338660979,E01019048,TR7 3NT,NEWQUAY,CORNWALL,CORNWALL
TR7 3,5618.357338660979,E01019048,TR7 3DR,NEWQUAY,CORNWALL,CORNWALL
TR7 3,5618.357338660979,E01019048,TR7 3FG,NEWQUAY,CORNWALL,CORNWALL
TR8 4,3525.6776139870044,E01019049,TR8 4FA,NEWQUAY,CORNWALL,CORNWALL
TR8 4,3525.6776139870044,E01019060,TR8 4QY,NEWQUAY,CORNWALL,CORNWALL
TR8 4,3525.6776139870044,E01019049,TR8 4GZ,NEWQUAY,CORNWALL,CORNWALL
TR8 4,3525.6776139870044,E01019050,TR8 4LA,NEWQUAY,CORNWALL,CORNWALL
TR8 4,3525.6776139870044,E01019060,TR8 4HB,NEWQUAY,CORNWALL,CORNWALL
TR8 4,3525.6776139870044,E01019049,TR8 4FF,NEWQUAY,CORNWALL,CORNWALL
TR8 4,3525.6776139870044,E01019060,TR8 4EQ,NEWQUAY,CORNWALL,CORNWALL
TR8 4,3525.6776139870044,E01019049,TR8 4GL,NEWQUAY,CORNWALL,CORNWALL
TR8 4,3525.6776139870044,E01019049,TR8 4NH,NEWQUAY,CORNWALL,CORNWALL
TR8 4,3525.6776139870044,E01019018,TR8 4NX,NEWQUAY,CORNWALL,CORNWALL
TR8 5,4492.071278288633,E01019063,TR8 5BQ,NEWQUAY,CORNWALL,CORNWALL
TR8 5,4492.071278288633,E01019031,TR8 5RR,NEWQUAY,CORNWALL,CORNWALL
TR8 5,4492.071278288633,E01018832,TR8 5FP,NEWQUAY,CORNWALL,CORNWALL
TR8 5,4492.071278288633,E01019063,TR8 5AQ,NEWQUAY,CORNWALL,CORNWALL
TR8 5,4492.071278288633,E01019031,TR8 5RW,NEWQUAY,CORNWALL,CORNWALL
TR8 5,4492.071278288633,E01019063,TR8 5DN,NEWQUAY,CORNWALL,CORNWALL
TR8 5,4492.071278288633,E01019031,TR8 5SQ,NEWQUAY,CORNWALL,CORNWALL
TR8 5,4492.071278288633,E01019031,TR8 5RG,NEWQUAY,CORNWALL,CORNWALL
TR8 5,4492.071278288633,E01019063,TR8 5DX,NEWQUAY,CORNWALL,CORNWALL
TR8 5,4492.071278288633,E01018831,TR8 5NZ,NEWQUAY,CORNWALL,CORNWALL
TR8 5,4492.071278288633,E01018832,TR8 5TA,NEWQUAY,CORNWALL,CORNWALL
TR8 5,4492.071278288633,E01019063,TR8 5DP,NEWQUAY,CORNWALL,CORNWALL
TR9 6,8270.15764330551,E01019065,TR9 6QF,ST COLUMB,CORNWALL,CORNWALL
TR9 6,8270.15764330551,E01019063,TR9 6GX,ST COLUMB,CORNWALL,CORNWALL
TR9 6,8270.15764330551,E01019063,TR9 6LX,ST COLUMB,CORNWALL,CORNWALL
TR9 6,8270.15764330551,E01019063,TR9 6HN,ST COLUMB,CORNWALL,CORNWALL
TR9 6,8270.15764330551,E01019065,TR9 6QA,ST COLUMB,CORNWALL,CORNWALL
TR9 6,8270.15764330551,E01019063,TR9 6HG,ST COLUMB,CORNWALL,CORNWALL
TR9 6,8270.15764330551,E01019064,TR9 6NG,ST COLUMB,CORNWALL,CORNWALL
TR9 6,8270.15764330551,E01019064,TR9 6GE,ST COLUMB,CORNWALL,CORNWALL
TR9 6,8270.15764330551,E01019064,TR9 6JY,ST COLUMB,CORNWALL,CORNWALL
